stream_seed,tripped,trip_time
1015,0,-1
1016,0,-1
1017,0,-1
1018,0,-1
1019,0,-1
1020,0,-1
1021,0,-1
1022,0,-1
1023,0,-1
1024,0,-1
1025,0,-1
1026,0,-1
1027,0,-1
1028,0,-1
1029,0,-1
1030,0,-1
1031,0,-1
1032,0,-1
1033,0,-1
1034,0,-1
1035,1,160
1036,0,-1
1037,0,-1
1038,0,-1
1039,0,-1
1040,0,-1
1041,0,-1
1042,0,-1
1043,0,-1
1044,0,-1
1045,0,-1
1046,0,-1
1047,0,-1
1048,0,-1
1049,0,-1
1050,0,-1
1051,0,-1
1052,0,-1
1053,0,-1
1054,0,-1
1055,0,-1
1056,0,-1
1057,0,-1
1058,0,-1
1059,0,-1
1060,0,-1
1061,0,-1
1062,0,-1
1063,0,-1
1064,0,-1
1065,0,-1
1066,0,-1
1067,0,-1
1068,0,-1
1069,0,-1
1070,0,-1
1071,0,-1
1072,0,-1
1073,0,-1
1074,1,178
1075,1,360
1076,0,-1
1077,0,-1
1078,0,-1
1079,0,-1
1080,0,-1
1081,0,-1
1082,0,-1
1083,0,-1
1084,0,-1
1085,0,-1
1086,0,-1
1087,0,-1
1088,0,-1
1089,0,-1
1090,0,-1
1091,0,-1
1092,0,-1
1093,0,-1
1094,0,-1
1095,0,-1
1096,0,-1
1097,0,-1
1098,0,-1
1099,0,-1
1100,0,-1
1101,0,-1
1102,0,-1
1103,0,-1
1104,0,-1
1105,0,-1
1106,1,98
1107,0,-1
1108,1,107
1109,0,-1
1110,0,-1
1111,0,-1
1112,0,-1
1113,0,-1
1114,0,-1
1115,0,-1
1116,0,-1
1117,0,-1
1118,0,-1
1119,0,-1
1120,0,-1
1121,0,-1
1122,0,-1
1123,0,-1
1124,0,-1
1125,0,-1
1126,0,-1
1127,0,-1
1128,0,-1
1129,0,-1
1130,0,-1
1131,0,-1
1132,0,-1
1133,0,-1
1134,0,-1
1135,0,-1
1136,0,-1
1137,0,-1
1138,0,-1
1139,0,-1
1140,0,-1
1141,0,-1
1142,0,-1
1143,0,-1
1144,0,-1
1145,0,-1
1146,0,-1
1147,0,-1
1148,0,-1
1149,0,-1
1150,0,-1
1151,0,-1
1152,0,-1
1153,0,-1
1154,0,-1
1155,0,-1
1156,0,-1
1157,0,-1
1158,0,-1
1159,0,-1
1160,0,-1
1161,0,-1
1162,0,-1
1163,0,-1
1164,0,-1
1165,0,-1
1166,0,-1
1167,0,-1
1168,0,-1
1169,0,-1
1170,0,-1
1171,0,-1
1172,0,-1
1173,0,-1
1174,0,-1
1175,0,-1
1176,0,-1
1177,0,-1
1178,0,-1
1179,0,-1
1180,0,-1
1181,0,-1
1182,0,-1
1183,0,-1
1184,0,-1
1185,0,-1
1186,0,-1
1187,0,-1
1188,0,-1
1189,0,-1
1190,0,-1
1191,0,-1
1192,0,-1
1193,0,-1
1194,0,-1
1195,0,-1
1196,0,-1
1197,0,-1
1198,0,-1
1199,0,-1
1200,0,-1
1201,0,-1
1202,0,-1
1203,0,-1
1204,0,-1
1205,0,-1
1206,0,-1
1207,0,-1
1208,0,-1
1209,0,-1
1210,0,-1
1211,0,-1
1212,0,-1
1213,0,-1
1214,0,-1
1215,0,-1
1216,0,-1
1217,0,-1
1218,0,-1
1219,0,-1
1220,0,-1
1221,0,-1
1222,0,-1
1223,0,-1
1224,0,-1
1225,0,-1
1226,0,-1
1227,0,-1
1228,0,-1
1229,0,-1
1230,0,-1
1231,0,-1
1232,0,-1
1233,0,-1
1234,0,-1
1235,0,-1
1236,0,-1
1237,0,-1
1238,0,-1
1239,0,-1
1240,0,-1
1241,0,-1
1242,0,-1
1243,0,-1
1244,0,-1
1245,0,-1
1246,0,-1
1247,0,-1
1248,0,-1
1249,0,-1
1250,0,-1
1251,0,-1
1252,0,-1
1253,0,-1
1254,0,-1
1255,0,-1
1256,0,-1
1257,0,-1
1258,0,-1
1259,0,-1
1260,0,-1
1261,0,-1
1262,0,-1
1263,0,-1
1264,0,-1
1265,0,-1
1266,0,-1
1267,0,-1
1268,0,-1
1269,0,-1
1270,0,-1
1271,0,-1
1272,0,-1
1273,0,-1
1274,0,-1
1275,0,-1
1276,0,-1
1277,0,-1
1278,0,-1
1279,0,-1
1280,0,-1
1281,0,-1
1282,0,-1
1283,0,-1
1284,0,-1
1285,0,-1
1286,0,-1
1287,0,-1
1288,0,-1
1289,0,-1
1290,0,-1
1291,0,-1
1292,0,-1
1293,0,-1
1294,0,-1
1295,0,-1
1296,0,-1
1297,0,-1
1298,0,-1
1299,0,-1
1300,0,-1
1301,0,-1
1302,0,-1
1303,0,-1
1304,0,-1
1305,0,-1
1306,0,-1
1307,0,-1
1308,0,-1
1309,0,-1
1310,0,-1
1311,0,-1
1312,0,-1
1313,0,-1
1314,1,171
1315,0,-1
1316,0,-1
1317,0,-1
1318,1,293
1319,0,-1
1320,0,-1
1321,0,-1
1322,0,-1
1323,0,-1
1324,0,-1
1325,0,-1
1326,0,-1
1327,0,-1
1328,0,-1
1329,0,-1
1330,0,-1
1331,0,-1
1332,0,-1
1333,0,-1
1334,0,-1
1335,0,-1
1336,0,-1
1337,0,-1
1338,0,-1
1339,0,-1
1340,0,-1
1341,0,-1
1342,0,-1
1343,0,-1
1344,0,-1
1345,0,-1
1346,0,-1
1347,0,-1
1348,0,-1
1349,0,-1
1350,0,-1
1351,0,-1
1352,0,-1
1353,0,-1
1354,0,-1
1355,0,-1
1356,0,-1
1357,0,-1
1358,0,-1
1359,0,-1
1360,0,-1
1361,0,-1
1362,0,-1
1363,0,-1
1364,1,84
1365,0,-1
1366,0,-1
1367,0,-1
1368,0,-1
1369,0,-1
1370,0,-1
1371,0,-1
1372,0,-1
1373,0,-1
1374,0,-1
1375,0,-1
1376,0,-1
1377,0,-1
1378,0,-1
1379,0,-1
1380,0,-1
1381,0,-1
1382,1,128
1383,0,-1
1384,0,-1
1385,0,-1
1386,0,-1
1387,0,-1
1388,0,-1
1389,0,-1
1390,0,-1
1391,0,-1
1392,0,-1
1393,0,-1
1394,0,-1
1395,0,-1
1396,0,-1
1397,0,-1
1398,0,-1
1399,0,-1
1400,0,-1
1401,0,-1
1402,0,-1
1403,0,-1
1404,1,140
1405,0,-1
1406,0,-1
1407,0,-1
1408,0,-1
1409,0,-1
1410,0,-1
1411,0,-1
1412,0,-1
1413,0,-1
1414,0,-1
