epoch,cost,FCR,coverage,drift_active,guard_logE
0,8.28,0.2551928783382789,0.42125,0,-2.1333935818101066
1,8.015,0.23076923076923078,0.43875,0,-3.2383747810650574
2,8.065,0.22916666666666666,0.42,0,-5.136698012042282
3,8.22,0.25072886297376096,0.42875,0,-4.476429105073173
4,8.295,0.26536312849162014,0.4475,0,-1.8617907719367637
5,7.85,0.224,0.46875,0,-4.8753334642054975
6,8.28,0.26330532212885155,0.44625,0,-8.495043787712472
7,8.33,0.26704545454545453,0.44,0,-10.931252826622252
8,8.705,0.3390804597701149,0.6525,1,-6.588009522367173
9,8.89,0.3540489642184557,0.66375,1,-5.327838520833872
10,8.78,0.3426294820717131,0.6275,1,0.11951734026265115
11,8.61,0.33140655105973027,0.64875,1,3.6920451452905714
12,8.225,0.299009900990099,0.63125,1,8.478644207071019
13,8.055,0.2903225806451613,0.65875,1,12.077907965150606
14,8.825,0.34953271028037386,0.66875,1,15.21856790680379
15,8.815,0.34790874524714827,0.6575,1,23.26316527835624
